brightness,contrast,dark_ratio,bright_ratio,edge_density,label
122.224609375,31.51348191896166,0.0038464604591836736,0.01092155612244898,0.3434311224489796,1
131.94868064413265,24.096113901023777,0.0027901785714285715,0.003786670918367347,0.26694036989795916,1
121.29731345663265,29.88427225337966,0.013333067602040817,0.00817123724489796,0.2627750318877551,1
130.24559550382654,25.649018316442923,0.0018933354591836734,0.0040058992346938774,0.33065609056122447,1
131.2088847257653,26.23759792636469,0.0023716517857142855,0.00625797193877551,0.31660554846938777,1
136.15583147321428,27.09233379126488,0.0069355867346938774,0.0087890625,0.28202726403061223,1
129.6609733737245,22.965946664472614,0.0012755102040816326,0.006018813775510204,0.2520328443877551,1
123.45184948979592,22.77440805107427,0.00253109056122449,0.004743303571428571,0.25466358418367346,1
125.25139508928571,21.030648199963156,0.0013950892857142857,0.0037667410714285715,0.20121173469387754,1
129.09757653061226,29.65997658937728,0.008051658163265306,0.005719866071428571,0.27535076530612246,1
125.27423469387755,25.82775703645604,0.004384566326530612,0.003587372448979592,0.25575972576530615,1
125.43277662627551,23.909189434951415,0.003049266581632653,0.0024314413265306123,0.21018016581632654,1
126.51395089285714,23.197386635117308,0.0016143176020408164,0.002311862244897959,0.2458545918367347,1
123.1390306122449,26.2867757916794,0.0052614795918367345,0.0047831632653061226,0.265804368622449,1
120.52887834821429,22.5075623962391,0.000817123724489796,0.003168845663265306,0.10178172831632654,1
129.2774433992347,25.83831721703109,0.0021125637755102043,0.0033482142857142855,0.32021285076530615,1
130.11401865433675,28.104769048566276,0.006796077806122449,0.004444355867346939,0.3148915816326531,1
123.48724489795919,23.912006125056067,0.001096141581632653,0.007274394132653061,0.18614477040816327,1
126.67538265306122,23.485516559256414,0.0014150191326530613,0.0024115114795918366,0.2534877232142857,1
125.02624760841837,23.148967357749335,0.002072704081632653,0.001913265306122449,0.2119140625,1
128.21518255739795,22.90955628838132,0.0013552295918367347,0.0014947385204081632,0.2214405293367347,1
129.64148198341837,19.821065402178807,0.0009367028061224489,0.0015146683673469387,0.18369339923469388,1
131.06160315688774,18.1997143793127,0.0005580357142857143,0.001016422193877551,0.09683912627551021,1
125.75988520408163,20.57870456301669,0.0022122130102040817,0.00528140943877551,0.07890226403061225,1
126.53360172193878,17.33698637853733,0.0001793686224489796,0.0016143176020408164,0.13203523596938777,1
115.35339604591837,18.7734566187437,0.00045838647959183676,0.0020129145408163264,0.15955835459183673,1
113.11146763392857,17.716946063150854,0.0007174744897959184,0.0011160714285714285,0.12388392857142858,1
116.50384646045919,19.067373110829898,0.0001992984693877551,0.0015744579081632653,0.19284119897959184,1
116.30568399234694,19.995365484100088,0.0036870216836734694,0.003587372448979592,0.13950892857142858,1
111.88504464285714,18.998189936217578,0.002331792091836735,0.002730389030612245,0.1470623405612245,1
118.3416972257653,20.67867291615945,0.0008769132653061224,0.0014548788265306123,0.22263632015306123,1
119.41189014668367,25.407603709487056,0.0048828125,0.002610809948979592,0.3132374043367347,1
120.2549824617347,26.11763874814091,0.00470344387755102,0.0015943877551020409,0.3280452806122449,1
119.97251674107143,22.800217330704687,0.0038066007653061226,0.001753826530612245,0.24366230867346939,1
124.19134646045919,23.982061367432628,0.0022122130102040817,0.001753826530612245,0.25998485331632654,1
110.4778977997449,37.72926501786991,0.04292889030612245,0.004384566326530612,0.3692602040816326,1
117.44060905612245,24.53717107104784,0.005859375,0.003009406887755102,0.27188297193877553,1
125.33543925382654,30.025949801296917,0.008888711734693877,0.00839046556122449,0.2985092474489796,1
132.73573022959184,32.487091414202894,0.01819595025510204,0.009885204081632654,0.26857461734693877,1
126.97973134566327,29.977722910687657,0.01167889030612245,0.007393973214285714,0.2421875,1
122.89823820153062,35.56604401688304,0.023557079081632654,0.017020089285714284,0.32651068239795916,1
113.36094945790816,27.389361682555993,0.013073979591836735,0.006955516581632653,0.2729591836734694,1
117.58350605867346,29.407273070704832,0.010104432397959183,0.0047831632653061226,0.33516023596938777,1
114.8188775510204,29.18300189550358,0.0087890625,0.006716358418367347,0.3316127232142857,1
126.45509805484694,32.879847319778634,0.015625,0.012476084183673469,0.35038663903061223,1
118.88883131377551,33.5353410418563,0.017538265306122448,0.013811383928571428,0.3181202168367347,1
122.9775390625,28.5058272014905,0.007872289540816327,0.007393973214285714,0.29268973214285715,1
126.6108099489796,34.6742591411019,0.01420998086734694,0.01953125,0.3592952806122449,1
124.89042570153062,32.43219709382651,0.014090401785714286,0.010981345663265306,0.34671954719387754,1
136.8594347895408,31.593697198618365,0.011260363520408163,0.0244937818877551,0.35030691964285715,1
132.2194674744898,30.498071391175092,0.010084502551020409,0.017996651785714284,0.34518494897959184,1
130.71235251913265,27.612632207524626,0.009167729591836735,0.011858258928571428,0.30917171556122447,1
136.82097018494898,30.183110253823337,0.005121970663265306,0.027323820153061226,0.31393494897959184,1
130.23377710459184,29.102404917632814,0.008689413265306123,0.015525350765306123,0.3186184630102041,1
128.23158482142858,27.893780631796215,0.0062380420918367345,0.011240433673469387,0.3253148915816326,1
130.45288584183675,28.76011655906134,0.007174744897959184,0.01211734693877551,0.32362085459183676,1
131.09624123086735,35.7964630042411,0.013990752551020409,0.03495695153061224,0.37240911989795916,1
129.9002311862245,37.35963114336773,0.015644929846938774,0.03854432397959184,0.37868702168367346,1
134.51139987244898,31.073252550397186,0.0078125,0.02072704081632653,0.3619858099489796,1
133.8893893494898,27.523296497792963,0.003208705357142857,0.01092155612244898,0.3499282525510204,1
133.13253348214286,33.303179051554324,0.011220503826530613,0.024374202806122448,0.3747409119897959,1
131.9943399234694,34.34145754281644,0.014329559948979591,0.0223812181122449,0.368961256377551,1
125.85714285714286,28.509516486488636,0.006696428571428571,0.012715242346938776,0.33607700892857145,1
126.25312898596938,26.66208224499084,0.003248565051020408,0.008888711734693877,0.33225047831632654,1
132.57443797831633,33.41800880696796,0.012615593112244899,0.021324936224489797,0.37123325892857145,1
138.55988919005102,32.2163971584999,0.012276785714285714,0.025271045918367346,0.37220982142857145,1
136.87946428571428,33.73107433033102,0.014807876275510204,0.027224170918367346,0.3732063137755102,1
140.86248405612244,37.732739483186165,0.01833545918367347,0.057736766581632654,0.36292251275510207,1
129.0145487882653,30.901367589173613,0.007573341836734694,0.018494897959183673,0.3526586415816326,1
138.8327487244898,34.72607549697424,0.014309630102040817,0.04037786989795918,0.364078443877551,1
139.6339883609694,33.39173186017275,0.016222895408163265,0.03236607142857143,0.34899154974489793,1
141.0000996492347,32.97945891928326,0.01273517219387755,0.038384885204081634,0.35275829081632654,1
135.86710778061226,36.199318534498794,0.017697704081632654,0.03734853316326531,0.3637595663265306,1
142.0390027104592,39.04537447854681,0.022700095663265307,0.0628188775510204,0.3650749362244898,1
138.65878109056123,32.70955699185706,0.014090401785714286,0.023278061224489797,0.36013233418367346,1
140.67524314413265,33.901739004160994,0.016721141581632654,0.029017857142857144,0.3610092474489796,1
139.86367984693877,34.191801244806314,0.018594547193877552,0.027323820153061226,0.3589564732142857,1
143.81026785714286,34.0643247937302,0.020448022959183673,0.04450334821428571,0.33402423469387754,1
140.9025031887755,36.78289069152059,0.027802136479591837,0.04314811862244898,0.3304966517857143,1
132.11714764030611,30.52078837321732,0.011878188775510204,0.019551179846938774,0.3428531568877551,1
123.90106823979592,31.24624623588174,0.007533482142857143,0.018395248724489797,0.3487523915816326,1
123.33454241071429,30.33957027211084,0.009885204081632654,0.01211734693877551,0.34729751275510207,1
146.0706114477041,35.04225674987583,0.018714126275510203,0.056321747448979595,0.3452248086734694,1
136.63494499362244,30.171380260956695,0.012535873724489796,0.022401147959183673,0.33364556760204084,1
136.9149394132653,30.818953509754028,0.012416294642857142,0.023098692602040817,0.3362563775510204,1
130.6857461734694,31.196542556695196,0.008450255102040817,0.018973214285714284,0.3475765306122449,1
134.53176817602042,32.55998847053481,0.011061065051020409,0.03053252551020408,0.34512515943877553,1
123.61256377551021,33.07896307544181,0.01128029336734694,0.019252232142857144,0.35281808035714285,1
120.8002630739796,29.149623988887868,0.004962531887755102,0.011041135204081632,0.3392857142857143,1
130.25994499362244,33.86852373607019,0.011120854591836735,0.024473852040816327,0.3611686862244898,1
121.99485809948979,27.526672287234764,0.005022321428571429,0.00914779974489796,0.3212093431122449,1
135.26468829719389,39.43207155090105,0.023895886479591837,0.04641661352040816,0.36623086734693877,1
130.49954161352042,47.633756608141425,0.05668048469387755,0.07716836734693877,0.3687021683673469,1
141.7011120854592,38.87714712933971,0.023895886479591837,0.056939572704081634,0.3541932397959184,1
143.77590880102042,37.21797390085938,0.022122130102040817,0.049525669642857144,0.35062579719387754,1
144.45519770408163,39.95543278236026,0.02853954081632653,0.060447225765306124,0.34436782525510207,1
131.93710140306123,29.93956480806969,0.005799585459183673,0.01331313775510204,0.3639389349489796,1
132.37137276785714,24.85778821379911,0.0009367028061224489,0.005121970663265306,0.33669483418367346,1
129.73712531887756,27.959077139250418,0.0016940369897959183,0.002889827806122449,0.3600526147959184,1
134.41844706632654,28.085134120345316,0.001096141581632653,0.00448421556122449,0.34361049107142855,1
134.41844706632654,28.085134120345316,0.001096141581632653,0.00448421556122449,0.34361049107142855,1
172.41165098852042,22.961413928425152,0.0,0.11387914540816327,0.3290417729591837,1
127.68672273596938,18.584135952733128,0.0,0.001096141581632653,0.25605867346938777,1
128.39066485969389,17.633293494113435,0.0,0.0009566326530612245,0.21330915178571427,1
129.34357063137756,21.273436855165027,0.0,0.0010363520408163266,0.2896205357142857,1
149.20754942602042,31.884370677753246,0.0,0.06367586096938775,0.3564453125,1
151.37155213647958,33.79215118477701,0.0,0.0790218431122449,0.3615872130102041,1
154.91984215561226,30.62247607947209,0.0,0.07403938137755102,0.33980389030612246,1
153.1299426020408,35.36902836571809,0.0,0.09546396683673469,0.3713329081632653,1
149.29203204719389,32.55282753195955,0.0,0.06399473852040816,0.35899633290816324,1
137.1445910395408,43.72163666784105,0.016402264030612245,0.07802535076530612,0.3719108737244898,1
137.80516581632654,41.78388973166224,0.012097417091836735,0.0677016900510204,0.3603515625,1
130.53041294642858,45.65040519400314,0.0340202487244898,0.06517059948979592,0.3819156568877551,1
133.53322305484693,15.120584230309076,0.0,0.0004982461734693878,0.08896683673469388,1
183.2089245854592,15.243758945022984,0.0,0.12025669642857142,0.08950494260204081,1
172.22688137755102,27.205700416863987,0.0,0.15037069515306123,0.3342434630102041,1
168.51811623086735,27.785477418034365,0.0,0.12089445153061225,0.3588767538265306,1
123.79067681760205,54.23811912868855,0.1200374681122449,0.0813735650510204,0.38291214923469385,1
128.60293765943877,53.301347526103626,0.09817442602040816,0.0878109056122449,0.3776108099489796,1
131.21297034438774,51.64449537213144,0.08940529336734694,0.07635124362244898,0.3696986607142857,1
149.0814134247449,43.57291109756452,0.0024115114795918366,0.12167171556122448,0.3625438456632653,1
146.51743861607142,40.52793908017031,0.0012356505102040817,0.09060108418367346,0.3762954400510204,1
150.7135084502551,40.3620702299673,0.0011160714285714285,0.11017219387755102,0.37868702168367346,1
147.81112484056123,40.14938797036401,0.0006178252551020409,0.09512515943877552,0.37513950892857145,1
144.2292928890306,42.49686151595184,0.005221619897959184,0.10016741071428571,0.3801817602040816,1
141.0101243622449,41.643770008645994,0.00528140943877551,0.0848812181122449,0.37454161352040816,1
139.96115672831633,46.09459016323191,0.02365672831632653,0.09681919642857142,0.37340561224489793,1
146.01199776785714,43.145831254601006,0.006477200255102041,0.11033163265306123,0.37697305484693877,1
145.55363121811226,44.72476006547584,0.009546396683673469,0.11443718112244898,0.3743423150510204,1
128.39289700255102,48.78832310002285,0.0712890625,0.0643734056122449,0.38211495535714285,1
143.4872448979592,46.51197133313763,0.022022480867346938,0.11358019770408163,0.3846061862244898,1
134.26363201530611,46.90788869090749,0.03437898596938776,0.08067602040816327,0.37992267219387754,1
153.96320950255102,41.44913717643628,0.00027901785714285713,0.13396843112244897,0.38052056760204084,1
150.1318957270408,42.36935180221238,0.0004185267857142857,0.11852279974489796,0.37338568239795916,1
154.6837930484694,42.375252340625195,0.00023915816326530612,0.14893574617346939,0.37380420918367346,1
146.1964485012755,43.50241914288837,0.0014548788265306123,0.10993303571428571,0.36015226403061223,1
124.97606425382654,43.6403487078069,0.0007971938775510204,0.07467713647959184,0.3159877232142857,1
154.5842833227041,38.70958062252838,3.985969387755102e-05,0.11758609693877552,0.36654974489795916,1
152.12380420918367,39.602030368609356,0.00027901785714285713,0.11144770408163265,0.37404336734693877,1
154.87077487244898,40.53601471536348,0.00025908801020408165,0.1366589604591837,0.36202566964285715,1
131.60006776147958,21.033620154719216,0.0001992984693877551,0.0003587372448979592,0.29765226403061223,1
170.8602917729592,25.893324597584776,1.992984693877551e-05,0.1302814094387755,0.3592554209183674,1
172.77957589285714,23.271278814823994,0.0,0.11890146683673469,0.30721859056122447,1
173.5335020727041,26.228985029397325,0.0,0.15623007015306123,0.3649952168367347,1
171.06427375637756,25.338330750157837,0.0,0.12163185586734694,0.34859295280612246,1
173.07387994260205,23.687684732471187,0.0,0.12083466198979592,0.32077088647959184,1
164.58334661989795,37.968563251313746,0.0002192283163265306,0.17175542091836735,0.3384486607142857,1
169.12781010841837,18.899889485920614,0.0,0.0400390625,0.28812579719387754,1
170.49601403061226,25.58920518364972,0.0,0.12063536352040816,0.36656967474489793,1
171.5224609375,25.591258696169007,0.0,0.13127790178571427,0.36776546556122447,1
170.86356026785714,26.125139578584324,0.0,0.13155691964285715,0.37270806760204084,1
170.08942522321428,27.885157098147783,0.0,0.14582669005102042,0.3778101084183674,1
135.09992825255102,18.067297399624685,0.0,0.0024115114795918366,0.2408721301020408,1
177.66388313137756,23.147080945252828,0.0,0.15202487244897958,0.3324497767857143,1
176.9562141262755,23.93427887125081,0.0,0.15626992984693877,0.3389269770408163,1
180.6799465880102,20.37205029740137,0.0,0.15866151147959184,0.29677535076530615,1
189.8212292729592,18.459240266902505,0.0,0.27931680484693877,0.253109056122449,1
181.39973294005102,22.72116604069501,0.0,0.19387755102040816,0.31485172193877553,1
187.78461814413265,20.30667762328969,0.0,0.26552535076530615,0.24814652423469388,1
182.11922034438774,22.29539590162046,0.0,0.20461973852040816,0.3162866709183674,1
181.01323341836735,23.81385465248752,0.0,0.21259167729591838,0.3388671875,1
181.9961933992347,24.59602428712829,0.0,0.2335578762755102,0.35251913265306123,1
183.69569116709184,24.11743022416842,0.0,0.2552016900510204,0.35078523596938777,1
175.8571627869898,23.103060851605303,0.0,0.14064492984693877,0.345523756377551,1
172.3065808354592,24.76980148787485,0.0,0.12470105229591837,0.3518016581632653,1
183.39885602678572,22.23563185041047,0.0,0.2281768176020408,0.32621173469387754,1
172.0957629145408,24.032365365160288,0.0,0.11706792091836735,0.33262914540816324,1
177.60764110331633,22.908591925135134,0.0,0.16127232142857142,0.32914142219387754,1
185.43263711734693,18.636867620150664,0.0,0.20896444515306123,0.2770846619897959,1
181.62472098214286,23.04139235464947,0.0,0.21149553571428573,0.3444674744897959,1
132.84765625,18.8074838876139,0.0,0.003009406887755102,0.1836734693877551,1
175.68470982142858,20.1225657422774,0.0,0.10941485969387756,0.2394172512755102,1
170.59420838647958,20.63334260240653,0.0,0.08310746173469388,0.2545639349489796,1
174.84018255739795,24.351943824816736,0.0,0.14088408801020408,0.2911352040816326,1
169.13924984056123,26.322172126995508,1.992984693877551e-05,0.12310666454081633,0.3115234375,1
168.99744897959184,23.61587465886049,0.00013950892857142856,0.09084024234693877,0.32920121173469385,1
170.74075255102042,24.658022034327928,9.964923469387755e-05,0.1075015943877551,0.3325095663265306,1
167.40025111607142,28.55689388839431,0.00023915816326530612,0.1251594387755102,0.35680404974489793,1
171.6468431122449,28.977468478929023,0.0006776147959183673,0.1585419323979592,0.3562858737244898,1
167.7224968112245,28.88138031290556,0.0003985969387755102,0.12649473852040816,0.3549306441326531,1
162.19652822066325,34.10347278169781,0.003667091836734694,0.12691326530612246,0.36033163265306123,1
156.64923469387756,37.41797857431339,0.008510044642857142,0.11369977678571429,0.37211017219387754,1
172.0877311862245,33.35055445966416,0.0020527742346938774,0.18582589285714285,0.35877710459183676,1
124.00773278061224,28.618673619595306,0.0011160714285714285,0.018853635204081634,0.2795559630102041,1
181.7597058354592,29.067530208900703,0.0,0.24192841198979592,0.32435825892857145,1
165.5201490752551,28.69893897272466,0.0,0.12322624362244898,0.3130381058673469,1
174.18949298469389,27.678053818857425,0.0,0.1683673469387755,0.30819515306122447,1
159.12970344387756,31.409759325836173,0.0,0.12067522321428571,0.3176219706632653,1
162.94363839285714,31.635785362858506,0.0018933354591836734,0.12890625,0.3393056441326531,1
160.9783561862245,31.32874660460794,0.0021125637755102043,0.11754623724489796,0.3344228316326531,1
166.12727200255102,32.490365784362176,0.0007971938775510204,0.15254304846938777,0.33095503826530615,1
171.9796516262755,31.966934941189592,0.0006178252551020409,0.18674266581632654,0.3381497130102041,1
173.12671396683675,31.184623052642536,0.00033880739795918367,0.19188456632653061,0.3395248724489796,1
165.8029336734694,30.176099264815335,0.00015943877551020407,0.13366948341836735,0.33755181760204084,1
162.40395806760205,32.25349979215635,0.0005779655612244898,0.12860730229591838,0.3371532206632653,1
172.43132174744898,24.463493590026328,0.00015943877551020407,0.11322146045918367,0.27812101403061223,1
155.05554448341837,30.8310075142672,0.0022520727040816328,0.08282844387755102,0.32284359056122447,1
171.6806640625,30.8731952165908,0.0012157206632653062,0.16169084821428573,0.3261120854591837,1
163.89650430484693,31.35320189438577,0.0006178252551020409,0.11694834183673469,0.33240991709183676,1
171.07250478316325,30.362274457161977,0.0004185267857142857,0.15361926020408162,0.3254544005102041,1
157.35797991071428,15.472834291792829,0.0,0.003946109693877551,0.11202566964285714,0
157.84723772321428,16.719629171255303,0.0,0.01700015943877551,0.09060108418367346,0
159.89973294005102,14.94493410535399,0.0,0.004544005102040816,0.09544403698979592,0
160.14275749362244,14.682978317815259,0.0,0.0052016900510204085,0.09056122448979592,0
166.23718510841837,19.595236645352227,0.0,0.05953045280612245,0.08043686224489796,0
167.3933553890306,18.987191986079377,0.0,0.0517578125,0.08077566964285714,0
159.59675940688774,16.26203699170955,0.0,0.01580436862244898,0.06951530612244898,0
159.322265625,17.255031387859745,0.0,0.0243343431122449,0.04767219387755102,0
153.84327168367346,14.862657459050368,0.0,0.0017737563775510204,0.08107461734693877,0
152.96853077168367,15.192874897990357,0.0,0.001953125,0.08810985331632654,0
153.34608179209184,15.00629205411302,0.0,0.0020129145408163264,0.09255420918367346,0
154.05147879464286,14.725291988157934,0.0,0.002232142857142857,0.08755181760204081,0
155.44359853316325,16.303294170997138,0.0,0.01175860969387755,0.0953842474489796,0
155.33328683035714,15.834296859600213,0.0,0.00546077806122449,0.09568319515306123,0
152.78091119260205,15.614616803078228,0.0,0.0026705994897959183,0.10594706632653061,0
150.18243781887756,15.32742788349943,0.0,0.0014349489795918368,0.09777582908163265,0
147.92823262117346,15.562195568638465,0.0,0.0013950892857142857,0.10811941964285714,0
148.546875,15.574856881927944,0.0,0.0014349489795918368,0.09807477678571429,0
151.09245455994898,15.669524637893739,0.0,0.0022520727040816328,0.09418845663265306,0
150.2258848852041,15.254959974538076,0.0,0.0012755102040816326,0.09652024872448979,0
151.82557397959184,15.295436024872112,0.0,0.0014548788265306123,0.09099968112244898,0
154.0115194515306,15.027074405806493,0.0,0.002232142857142857,0.07981903698979592,0
155.55859375,15.527468392517314,0.0,0.004264987244897959,0.08466198979591837,0
156.70992107780611,15.442941197265991,0.0,0.004404496173469388,0.08709343112244898,0
155.81776147959184,14.885295385497601,0.0,0.0031887755102040817,0.08099489795918367,0
156.4453722895408,15.17398845297119,0.0,0.003706951530612245,0.08751195790816327,0
157.1963887117347,16.124134054645182,0.0,0.008529974489795918,0.08910634566326531,0
158.75243144132654,16.487449510995745,0.0,0.010144292091836735,0.09719786352040816,0
167.22873485331633,23.555541102323588,0.0,0.06592793367346939,0.09036192602040816,0
158.87954400510205,14.659365669526256,0.0,0.0037268813775510204,0.08516023596938775,0
162.97026466836735,17.827289574277824,0.0,0.033502072704081634,0.07001355229591837,0
160.27562978316325,15.45432552579786,0.0,0.007553411989795918,0.07477678571428571,0
166.45942283163265,23.09351370357228,0.0,0.07380022321428571,0.07892219387755102,0
166.18393255739795,23.532316494801844,0.0,0.08769132653061225,0.08749202806122448,0
161.17478475765307,19.79879717590116,0.0,0.04350685586734694,0.09223533163265306,0
159.25954639668367,17.71098159128672,0.0,0.02188297193877551,0.09450733418367346,0
157.45083306760205,16.180960276507125,0.0,0.007932079081632654,0.10325653698979592,0
157.21817203443877,16.598851059033287,0.0,0.008769132653061224,0.09458705357142858,0
157.99324378188774,17.998328422531426,0.0,0.018215880102040817,0.09875239158163265,0
163.0169602997449,25.98244836236723,0.0,0.07924107142857142,0.09237484056122448,0
155.96137595663265,15.901528249126363,0.0,0.00332828443877551,0.10166214923469388,0
157.4336535395408,16.033348445322435,0.0,0.005161830357142857,0.09203603316326531,0
156.81196189413265,16.22030306235899,0.0,0.009008290816326531,0.10070551658163265,0
166.4767617984694,26.490302130941064,0.0,0.08882732780612244,0.09217554209183673,0
157.76632254464286,15.750418288296238,0.0,0.003866390306122449,0.09313217474489796,0
158.47506776147958,17.34181238588862,0.0,0.011220503826530613,0.10628587372448979,0
158.2011120854592,14.951405113452791,0.0,0.0034279336734693877,0.09709821428571429,0
159.2257852359694,16.60473357563377,0.0,0.010243941326530613,0.10227997448979592,0
160.42637914540816,17.035384400680627,0.0,0.020228794642857144,0.09046157525510204,0
159.9893574617347,16.008578942135475,0.0,0.011818399234693877,0.09239477040816327,0
159.20360331632654,16.141500261820024,0.0,0.012057557397959183,0.08948501275510204,0
153.08350605867346,29.578230065877868,0.0003985969387755102,0.036013233418367346,0.36184630102040816,0
161.98770328443877,30.344707738347648,0.0004384566326530612,0.0826889349489796,0.34632095025510207,0
150.7503587372449,32.455638690547424,0.0015943877551020409,0.048329878826530615,0.3617466517857143,0
163.1917649872449,30.76131898927735,0.0002192283163265306,0.09357063137755102,0.31473214285714285,0
158.7772441007653,30.022239862247886,0.00025908801020408165,0.06016820790816327,0.3220264668367347,0
161.70053411989795,27.623552830002893,7.971938775510203e-05,0.058314732142857144,0.31076610331632654,0
155.35407366071428,25.94774490601417,3.985969387755102e-05,0.03573421556122449,0.2998644770408163,0
157.2838209502551,24.972053538805774,0.00013950892857142856,0.03615274234693878,0.2720424107142857,0
165.92247289540816,22.71712854390265,0.0,0.04731345663265306,0.2889827806122449,0
164.90941884566325,27.83135657946273,0.00029894770408163266,0.08101482780612244,0.33615672831632654,0
165.4044563137755,22.064115088907908,0.0,0.04569913903061224,0.2725406568877551,0
165.57629145408163,21.466233623800544,1.992984693877551e-05,0.031728316326530615,0.2747130102040816,0
164.92169563137756,24.5255072335902,3.985969387755102e-05,0.0467155612244898,0.31961495535714285,0
162.96342873086735,29.75087887374735,0.0,0.08133370535714286,0.3457629145408163,0
155.96215322066325,25.209776417655544,0.00029894770408163266,0.03130978954081633,0.32483657525510207,0
168.3270487882653,25.233749036347728,1.992984693877551e-05,0.10214046556122448,0.29276945153061223,0
168.1770567602041,26.927090087108898,1.992984693877551e-05,0.12358498086734694,0.290836256377551,0
171.6951132015306,26.54577723964691,3.985969387755102e-05,0.14319595025510204,0.27182318239795916,0
152.0205676020408,32.32102800851665,0.00027901785714285713,0.0587531887755102,0.36557318239795916,0
155.66932397959184,24.848408153129792,7.971938775510203e-05,0.03146922831632653,0.31222098214285715,0
154.21950733418367,27.218871307274558,0.0001992984693877551,0.035654496173469385,0.34410873724489793,0
151.96518255739795,28.740926562179208,0.0006377551020408163,0.03099091198979592,0.2589485012755102,0
160.78529575892858,25.97538111235287,7.971938775510203e-05,0.05901227678571429,0.27481265943877553,0
172.68979193239795,19.663388524936405,0.0,0.0667251275510204,0.23636798469387754,0
166.23820153061226,19.751443481354485,0.0,0.03724888392857143,0.22773836096938777,0
164.29621731505102,19.850808905406037,0.0,0.035235969387755105,0.19880022321428573,0
146.8211296237245,29.206191587406202,0.001634247448979592,0.023955676020408163,0.29482222576530615,0
150.6400071747449,25.327991310911568,3.985969387755102e-05,0.02893813775510204,0.33334661989795916,0
146.12406329719389,29.03602340221282,1.992984693877551e-05,0.02002949617346939,0.3606505102040816,0
154.15377869897958,30.116394847181358,0.0,0.05313297193877551,0.3661312181122449,0
149.6505500637755,33.41687589472573,0.00013950892857142856,0.05474728954081633,0.38205516581632654,0
131.4440369897959,36.82541602565974,0.00603874362244898,0.024613360969387755,0.3872169961734694,0
149.61838329081633,31.803062206174783,0.0,0.04563934948979592,0.36928013392857145,0
145.20463966836735,32.302919535063445,0.00031887755102040814,0.03471779336734694,0.37109375,0
144.1288066007653,33.13433052400697,0.00047831632653061223,0.038165656887755105,0.372867506377551,0
139.65168606505102,35.25859154884931,0.0003587372448979592,0.03356186224489796,0.37593670280612246,0
135.82836415816325,35.477327154545534,0.0014548788265306123,0.026227678571428572,0.3739038584183674,0
138.97829639668367,34.387851657424626,0.002272002551020408,0.028778698979591837,0.37211017219387754,0
141.41659359056123,34.3376568219779,0.0009367028061224489,0.035813934948979595,0.3698780293367347,0
147.10790019132654,34.35662421308473,0.00045838647959183676,0.05100047831632653,0.3689014668367347,0
133.94357860331633,37.04681233291649,0.004583864795918368,0.03376116071428571,0.37107382015306123,0
133.55508609693877,36.88092301046107,0.004902742346938775,0.030731823979591837,0.3734853316326531,0
134.2275390625,36.19549616530118,0.005321269132653061,0.027881855867346938,0.37137276785714285,0
140.55859375,35.989792736962265,0.0014349489795918368,0.04611766581632653,0.36342075892857145,0
132.74162946428572,35.62121256394803,0.00390625,0.028997927295918366,0.3588368941326531,0
128.67038026147958,34.970164664699425,0.005939094387755102,0.01877391581632653,0.362125318877551,0
139.9079041772959,39.107757309569486,0.0040058992346938774,0.056361607142857144,0.3793247767857143,0
148.1685865752551,38.68840276997616,0.0010562818877551021,0.0909000318877551,0.3749202806122449,0
146.46434550382654,31.094640028701985,9.964923469387755e-05,0.04235092474489796,0.3461814413265306,0
146.97237723214286,31.33451954079708,3.985969387755102e-05,0.04037786989795918,0.3521205357142857,0
145.15397799744898,31.99984752571735,7.971938775510203e-05,0.03910235969387755,0.35387436224489793,0
149.03784677933675,30.965313953311714,0.0,0.04436383928571429,0.3430723852040816,0
146.83464205994898,33.07990077800309,0.00015943877551020407,0.0480110012755102,0.3551498724489796,0
147.01717952806123,33.08466607011409,0.0001793686224489796,0.04685507015306122,0.35485092474489793,0
148.13731664540816,31.940433379104554,5.978954081632653e-05,0.04571906887755102,0.3479751275510204,0
150.25290975765307,32.073965288779156,9.964923469387755e-05,0.05426897321428571,0.34402901785714285,0
146.8320910395408,32.106644521488256,0.0002192283163265306,0.04233099489795918,0.35086495535714285,0
146.98419563137756,32.2746728176044,0.00025908801020408165,0.0439453125,0.3490513392857143,0
148.20304528061226,31.127869565478612,9.964923469387755e-05,0.04376594387755102,0.34873246173469385,0
150.38273278061226,30.990697151607037,1.992984693877551e-05,0.05084103954081633,0.3452048788265306,0
148.60760124362244,31.764204154910285,0.00025908801020408165,0.04534040178571429,0.34974888392857145,0
147.66838727678572,32.04957424337567,0.0001793686224489796,0.04276945153061224,0.34719786352040816,0
150.01554528061226,31.70077179583162,0.00013950892857142856,0.0498046875,0.35178172831632654,0
130.93893494897958,37.24917949566621,0.006138392857142857,0.02481265943877551,0.38229432397959184,0
155.78850446428572,28.237239761890958,0.0,0.05112005739795918,0.318359375,0
151.7937858737245,28.89137727647868,0.0,0.04027822066326531,0.3321906887755102,0
150.56206154336735,28.707338141331622,0.0,0.035853794642857144,0.33217075892857145,0
149.98722496811226,28.47841332893231,1.992984693877551e-05,0.033860809948979595,0.33231026785714285,0
151.04593829719389,28.828208257935525,3.985969387755102e-05,0.03902264030612245,0.33950494260204084,0
149.57234534438774,28.91283859910296,3.985969387755102e-05,0.034060108418367346,0.34169722576530615,0
150.5221022002551,28.78901159244243,0.0,0.03573421556122449,0.3384287308673469,0
151.84727758290816,28.54006324141166,1.992984693877551e-05,0.0411750637755102,0.33767139668367346,0
152.05676020408163,28.120535482863907,1.992984693877551e-05,0.03772720025510204,0.3303172831632653,0
151.96570073341837,28.244288541213823,1.992984693877551e-05,0.03904257015306122,0.33115433673469385,0
162.61073022959184,27.27057109428773,0.0,0.07067123724489796,0.24677136479591838,0
148.12527901785714,26.775053866765514,0.00033880739795918367,0.04099569515306122,0.3212292729591837,0
156.15860172193877,23.522578510162468,0.0,0.05307318239795918,0.30801578443877553,0
159.5471739477041,22.768682731558993,0.0,0.05901227678571429,0.2786391900510204,0
157.3788464604592,22.161984784484307,0.0,0.04641661352040816,0.2678172831632653,0
156.19162547831633,23.8332048662731,3.985969387755102e-05,0.05135921556122449,0.2915736607142857,0
158.28244579081633,25.788931361202255,0.0,0.06821986607142858,0.30586336096938777,0
162.21071827168367,23.462871928434758,1.992984693877551e-05,0.07013313137755102,0.2984095982142857,0
149.76325334821428,26.036930869501987,3.985969387755102e-05,0.04900749362244898,0.3074577487244898,0
151.06544961734693,26.0381051804054,0.0,0.05297353316326531,0.3038703762755102,0
150.4629902742347,26.750563719257503,1.992984693877551e-05,0.05825494260204082,0.3204320790816326,0
155.40192522321428,24.383726432941412,0.0,0.05528539540816327,0.3129384566326531,0
169.18120216836735,19.429659008653402,0.0,0.07079081632653061,0.24025430484693877,0
169.5622010522959,18.882366466184184,0.0,0.06606744260204081,0.22456951530612246,0
169.0321667729592,19.920907505933105,0.0,0.07806521045918367,0.24109135841836735,0
166.2040417729592,19.720504516776803,0.0,0.06441326530612244,0.2223174426020408,0
173.59396922831633,19.443815484633056,0.0,0.09765625,0.21886957908163265,0
174.7335578762755,17.437849124705163,0.0,0.08288823341836735,0.1833545918367347,0
170.63077965561226,17.25665345097612,0.0,0.061423788265306124,0.1799266581632653,0
173.00890864158163,18.448451552178977,0.0,0.08131377551020408,0.17329001913265307,0
170.05618223852042,19.340889483790217,0.0,0.0758529974489796,0.20850605867346939,0
133.6448301977041,30.006901416710793,0.00029894770408163266,0.03045280612244898,0.3549904336734694,0
131.7908561862245,28.825996649634707,3.985969387755102e-05,0.03063217474489796,0.3397839604591837,0
143.0735012755102,27.025646732312318,0.0,0.03900271045918367,0.3299984056122449,0
151.59761639030611,25.834757736983114,0.0,0.049685108418367346,0.3118423150510204,0
158.4903340242347,28.327024318841524,0.0,0.08304767219387756,0.33908641581632654,0
168.87769052933675,27.213466365932945,0.0,0.13600127551020408,0.3149513711734694,0
168.18094308035714,20.947625586997884,0.0,0.0741390306122449,0.24962133290816327,0
170.9797512755102,19.78571500456093,0.0,0.07760682397959184,0.2285754145408163,0
169.65202487244898,22.367255793720613,0.0,0.09442761479591837,0.2805923150510204,0
167.10546875,19.993930370531228,0.0,0.0450813137755102,0.2263233418367347,0
165.2951809630102,19.320729763342452,0.0,0.04027822066326531,0.19941804846938777,0
129.67065927933675,18.33976639277335,3.985969387755102e-05,0.00470344387755102,0.17042012117346939,0
171.94768415178572,19.582078082400752,0.0,0.07284359056122448,0.2161591198979592,0
151.7205038265306,32.30863880536199,0.0,0.08808992346938775,0.35837850765306123,0
156.77289939413265,28.26184085245796,0.0,0.07517538265306123,0.31698421556122447,0
155.9704440369898,27.220012362838133,0.0001793686224489796,0.05779655612244898,0.2832629145408163,0
159.63793447066325,17.412881822224662,0.0,0.019591039540816327,0.1574657206632653,0
160.94437579719389,17.55364508734294,0.0,0.024553571428571428,0.16041533801020408,0
167.53920200892858,18.163453716015095,0.0,0.04077646683673469,0.1578045280612245,0
172.99754862882654,17.737084520876827,0.0,0.05668048469387755,0.13249362244897958,0
172.2998046875,17.908027410987213,0.0,0.0576171875,0.1372967155612245,0
167.92147640306123,18.141698532010626,0.0,0.04181281887755102,0.13636001275510204,0
170.10672433035714,19.786829062205815,0.0,0.0587531887755102,0.1405652104591837,0
177.42761479591837,14.789031865109697,0.0,0.06226084183673469,0.07507573341836735,0
180.9522082270408,14.307138925629182,0.0,0.08033721301020408,0.09008290816326531,0
170.0383848852041,15.13635151716219,0.0,0.03549505739795918,0.10347576530612244,0
169.14835778061226,17.380676713081286,0.0,0.03515625,0.07655054209183673,0
162.94168526785714,17.745407889866307,0.0,0.021763392857142856,0.10483099489795919,0
161.83348612882654,17.835687879345482,0.0,0.019670758928571428,0.11031170280612244,0
166.21169483418367,16.676385373064377,0.0,0.027582908163265307,0.08037707270408163,0
167.57049186862244,17.41473778501841,0.0,0.03627232142857143,0.12099410076530612,0
164.68923389668367,17.294118073288853,0.0,0.024274553571428572,0.10865752551020408,0
165.54611766581633,16.769740501949826,0.0,0.027881855867346938,0.1071029974489796,0
173.06218112244898,16.475815219381865,0.0,0.0509406887755102,0.11005261479591837,0
172.07746731505102,16.612176347257897,0.0,0.041314572704081634,0.11764588647959184,0
171.0392617984694,17.141930926346365,0.0,0.04370615433673469,0.10227997448979592,0
170.20388233418367,18.242175056927376,0.0,0.042271205357142856,0.1015625,0
166.48716517857142,17.140336341805433,0.0,0.023377710459183673,0.08970424107142858,0
164.00247130102042,17.565602083211736,0.0,0.018534757653061226,0.10782047193877552,0
165.70920360331633,17.8969455904396,0.0,0.026506696428571428,0.11051100127551021,0
174.02397560586735,17.61189183487201,0.0,0.06529017857142858,0.11180644132653061,0
172.5452208227041,17.25797552170608,0.0,0.05036272321428571,0.10732222576530612,0
173.71819196428572,16.69373619572124,0.0,0.05807557397959184,0.10391422193877552,0
160.83215082908163,17.048614634833132,0.0,0.014987244897959183,0.1376355229591837,0
160.7091438137755,16.92328412383595,0.0,0.015625,0.14881616709183673,0
161.2028659119898,16.870409917523432,0.0,0.014867665816326531,0.1474609375,0
174.27038823341837,15.40853025387582,0.0,0.04765226403061224,0.11497528698979592,0
177.1954719387755,15.78536886238841,0.0,0.07122927295918367,0.12147241709183673,0
170.1812818877551,16.31101370630201,0.0,0.036611128826530615,0.1294842155612245,0
170.2492825255102,16.4828501955643,0.0,0.039142219387755105,0.12812898596938777,0
170.96133609693877,16.165690206738873,0.0,0.04107541454081633,0.12348533163265306,0
170.85981345663265,16.701754980143022,0.0,0.043088329081632654,0.13026147959183673,0
167.15262276785714,16.06759578233175,0.0,0.02610809948979592,0.09652024872448979,0
165.19581074617346,16.268650477202684,0.0,0.02198262117346939,0.10309709821428571,0
